Organization,Count,ID
המקום הכי חם בגיהנום,3,0b905e8e99
גולני,3,922aa3867d
חמאס,146,906d5df14a
המועצה לכפרים הלא מוכרים בנגב,1,12b013be48
מדינת ישראל,17,7d523c41a9
פיקוד העורף,7,0082ac8d28
ממשלת ישראל,21,93341a4ae3
צה״ל,172,b0b581a4af
מרצ,2,2c7c57731c
הכנסת,51,984199f6b9
השב״כ,21,8a31e3f429
משרד ראש הממשלה,1,1535adacdc
ימ״מ,14,3284c803c2
משטרת ישראל,61,80938121bd
האו״ם,73,2b7e70c031
מועצה אזורית תמר,1,f3f129a776
הצנחנים,8,ffe482555a
אגודת ישראל,1,8cb2e3f046
זק״א,9,8a020c0ce3
עיריית שדרות,2,99c7d030e4
חיל האוויר,4,bb128f783c
טייסת 69,1,615bf259c5
אמ״ן,2,ada7c0a333
מגל״ן,10,76717b3110
פיקוד צפון,1,0c357140e7
אוגדת עזה,3,943ddff9ba
ג׳יהאד האיסלאמי,1,3455ccaba6
ynet,13,f1bcf9a332
חיזבאללה ,1,84e076b869
פיקוד דרום,3,5fa64ce263
פו״ם,1,fdd0dac0a7
צבא היבשה,1,9e0ef69776
בית החולים סורוקה,3,8b5b8ed643
ap,34,62c4285338
twitter,34,b73c2d2276
hospitals,2,b76d623d82
ניו יורק טיימס,6,b7459e798b
טלגרם,2,da2cc97d33
מד״א,16,7a396ce1cc
12,1,c20ad4d76f
גלי צה״ל,1,632832297f
משרד הפנים,3,efd927af47
רשות האוכלוסין,1,3f1f3a5c4d
חדשות 12,5,1e48f320e9
הצלה,33,20899fb09e
מועצה אזורית שער הנגב,1,de0897ccd3
יס,1,8986b53b47
יחידת דובדבן,6,fce2836b51
גבעתי,11,079ba56eae
שייטת גבעתי,4,6d644e3241
שייטת,4,68259bea5a
סיירת נח״ל,3,690cb3da29
סיירת נחל,2,d6d6c1bfa4
הפלס״ם,2,1530a06bd7
פרוקטור אנד גמבל,1,2c2e1949fb
משרד הרווחה,2,e3882be883
ישרוטל,4,4154b0f36a
midburn,1,de056aa951
fox,1,2b95d1f09b
קופת החולים מכבי,5,658092e61c
מעריב,1,44c9834b17
יחידה 71,1,2abfe67bbc
ישראל היום,6,bf39199e74
כאן 11,5,0509136528
כאן 11 ,2,84f07bc7ea
zaka south,1,1db2f536a9
חברת חשמל,1,d3273c43d5
מיצובישי אטראז׳׳,1,dae47366f4
מיקרוסופט,1,84b833c5c7
news nation,1,3b5cae563a
ארץ נהדרת,2,8dd39b9156
אסותא אשדוד,3,6ddc886ec3
תעל,1,f509257da3
רבש״צ,2,69c308b41f
cnn,5,ff7a415715
חדשות 13,2,72c89b506c
צה׳׳ ל,2,746db5cba5
nova,3,1a9c91f6e0
 נשות הכפר ,1,13c0ec8d7b
wall street journal,1,8e41ca96be
wall street,1,1f1dc53c5a
ידידים,1,ea8952dbb7
קרקל,2,e352d9c664
משטרת אופקים,1,003b8ea219
מרכז חוסן,2,5a4a49e88d
מרכז הרפואי וולפסון,2,0381ee20b8
וולפסון,2,f27e0a3343
mako בריאות,1,4027e5cf39
בית חולים וולפסון,1,26356b1460
14,1,aab3238922
דאעש,2,9829a09806
יחידת החילוץ וה הצלה,1,d3ded2cae0
 ישרוטל ,2,11265244eb
אחים לנשק,17,164b90c554
לנשק ,2,b88c4c6f70
היס״מ,1,422ed33c91
 כ,1,43943f9f3a
משמר הגבול,2,b20e0cc3e2
גדוד 13,1,0fa87c7a6a
מגב,1,933ce9fe9c
דור אלון,1,d72b947ee2
פיקוד הדרום,1,03f7c8a57c
ישיבת באר שבע,1,ed4c7d6961
youtube,2,ba9bf05693
איכילוב,1,30c66b5d48
רדיו הקצה,1,a0ff5e1713
בזק,2,4272ebd33a
סיירת גבעתי,3,51c866049b
בנק הפועלים,1,7f46bcb7f1
מוסד,1,d4650981ee
united states,1,152649df34
עירית תל אביב,1,c89e419315
קופת חולים מאוחדת,1,6ee98ad1b2
משרד העבודה,2,3cf13f3bcb
צבא לחמל,2,8d9262f65a
ניר עוז,3,28db941765
מקומי,2,08ee9b8368
רויטרס,3,288b9121dc
משרד הבריאות,5,e3fc668ef7
לשכת ראש הממשלה,1,d38d89134a
וואלה,4,176a2fa826
הליכוד,3,2462e4dd9b
הצדעה,3,b9aa610533
משרד החוץ,2,df43b68400
החולים שיפא בעזה,1,2d316aca18
חמאס בעזה,2,a08e67e6c9
דובר צה״ל,4,8e973ed09c
ארגון ילדי המלחמה של כולנו,1,f6da9d718e
iwf,1,6e13531277
בית חולים שניידר,2,5127d2e3bb
עמותת עלם,1,9f0926159f
פלס״ר,2,e33673ba0c
תיכון לאומנויות ירושלים,1,2b6d879e95
הצלב האדום,4,e24ee0d753
mit,2,72e4fb8f76
וועדת הכספים,1,68cb78d2d7
הסתדרות המורים,1,844786e51b
איגוד המורים האמריקאי,1,14f4c14319
ערוץ 13,1,ed81081549
5,1,e4da3b7fbb
חטיבה 5,1,4ee3dd3f2a
עיריית ירושלים,2,48e8105d13
אחד ,1,5c903f5a96
משרד החינוך,2,c68a4be07d
השירות הפסיכולוגי,1,8419c5966d
הירושלמי ,1,41383a910e
אוניברסיטת חיפה,1,304974a9a4
אלון ואליאנס,1,acdbfdac9b
המתנ״ס,1,3fcb1506ea
שבט הצופים,1,fbd1ed8e3f
אפיק,1,237f7f5056
עירוני ה׳,1,3b875d752f
בית הספר אלון,1,93707d5b4d
דרומי אחים למשק,1,8958535c9c
ארכיון דובר צה״ל,1,ee97c81714
כיסופים,1,758440c185
אגוז,2,3987b30354
מועצה אזורית אשכול,1,7988d5cdf2
קופ״ח,1,c61f22eac3
ביטוח לאומי,1,0865b2f91d
פייבוקס,1,09441580e7
כלכליסט,1,bacd43e45a
מג״ב,1,2f8a5e2564
רשות החירום הלאומית,1,b8c95ef7e3
whatsapp,1,c4f79e15f8
economist,1,cfea0be69f
סמסונג,1,3772a12993
סיירת מטכ״ל,1,983779ad79
סיירת מגלן,1,af06553ab6
אג״ם,1,b972eecbeb
נח״ל,1,fda9088cef
ביטחון שדה,1,d91e82d730
ער״ן,2,d457b45cb8
מוקד 100,1,f6d9850663
מבטחים,1,7d9d2b0c87
גדוד 890,1,4a5ff8b971
חיל הנדסה,1,cd29f12338
וועדת הבריאות,1,a5f2c7beac
תקומה,1,7147be0f9d
מדרשת חנתון,1,79bad8656b
חמ״ל האזרחי,1,c8c33fb187
מכינה קדם צבאית,1,e6a5264b4a
החמ״ל האזרחי,3,a79494fca1
המדרשה,1,bc2d312190
barzilai hospital,1,5d2961331e
הביטוח הלאומי,3,954db9f797
עיריית אשקלון,1,338b010b36
נט״ל,1,32684139de
עיריית נתניה,1,2f71563f13
המועצה לשלום הילד,1,d0dd4f35a4
הנהגת ההורים הארצית,1,721e73e311
הבריאות,2,194b7692a4
מועצת התלמידים וה נוער הארצית,1,3fe8f52128
איגוד העובדות וה עובדים הסוציאליים,1,9eddccebcc
חוסן,1,7b6b487dfe
איגוד העובדים הסוציאלים,1,a40f350993
איגוד רופאי הילדים,1,295bfdb5a5
מכון חרוב,1,c81de6bdf1
מועצה לשלום הילד,1,f5af4b9a99
עבודה סוציאלית,1,553157e4cc
עמותת גושן,1,70c92a1d3a
וועדה לביקורת המדינה,1,b002409d92
אוצר,1,35c15e9352
וול סטריט ג׳ורנל,1,61d459e045
הארץ,2,5e2b80a3f6
יהלו״ם,3,dc616a8bc7
ביטוח הלאומי,3,7e1f56305a
ממשלת נפאל,1,cd1e9c2a30
בית החולים שיפא ברצועה,1,3e0e5b805e
האוניברסיטה העברית,2,8a963df0e5
תזמורת צה״ל,1,37d256c300
ידיעות אחרונות,2,a2eb8867f5
זקא,1,121527da27
רשות הטבע והגנים,9,bad0f541b9
mako,2,3dffcd8113
כלבי גיבורים,2,4f429d8e4e
אלפא,2,2891a4d551
עמותת חיים בשביל החי,2,239de2d0cb
כלב פגום,5,c18b467ecf
גלובס,2,2b7698ccfc
בית הספר מבואות עירון,1,2705e8e371
מועצה אזורית מנשה,1,31e7a38585
אילת אנימלס,4,1a6cd44010
אנימל,5,1d89bc10b3
עמותת עטלף,3,985112f05d
אשכול נגב מערבי,3,0637c1ba86
ארגון הרופאים הוטרינרים לחיות הבית,1,5d42dbe091
תנו לחיות לחיות,8,f9864dd271
עוקץ,5,328cb9c461
u . s .,3,8be8fd08e9
yeshiva uni,1,8e5746d107
בית החולים איכילוב,1,d22c64763f
מחלקה לטיפול באלימות,1,c9a1d595d8
רופאים לזכויות אדם,1,fd227b7c63
ארגון,2,9829cd9976
מרכז המחקר וה מידע,1,f1402f6ee2
איגוד מרכזי הסיוע לנפגעות,1,99175ea65d
ועדת הבריאות,1,a0fb9920e6
taboola,3,29ecf9b93b
צביה זליגמן,1,9606ad078a
ארגון הנשים,1,edacdbce38
מרכז מהו״ת,1,12bc1026aa
מרכז לטם לטיפול,1,0ed05d8d80
ערוץ הכנסת,1,a314372e97
channel22,2,6cb424c6bc
ישראל ביתנו,1,4336e1addf
יש עתיד,1,1e3a59cad9
הג׳יהאד האיסלאמי,1,d29fc064a6
הג׳יהאד האסלאמי,1,7f1078990a
משטרת מחוז ת״א,1,62c5522302
המלאכים של רקסי,3,85771b9675
ביופט,3,5e588622a4
מתגייסים למענם,3,90c5b5f123
האוצר,1,6c4c9ada20
הגנה,1,4195289ec2
בית החולים שיבא בתל השומר,1,4d218faf47
בית החולים ספרא לילדים,1,d860675761
בית החולים אסותא באשדוד,1,85f2c3858e
מחלקה האורתופדית,1,d8fb6112d8
ביה״ח,1,46e9f163b9
חטיבת המרום,2,b7a33a7e5b
יחידת עוקץ,2,bcf977ef8d
השירות הווטרינרי העירוני,1,ab5787740e
השירות הווטרינרי,1,8a52d77859
בית החולים לחיות בר בספארי,2,83eb4f76dd
חטיבת נח״ל,1,4546fb4863
פלס״ר נח״ל,1,04ae55086b
בה״ד 1,1,59eeeb8e88
יחידת החילוץ הארצית,1,240e28270e
משטרה ירוקה,3,17085becf8
משרד החקלאות,6,38d8065b9f
המשרד להגנת הסביבה,4,a00d76b8b9
עמותת למען חיות הבר,4,8c2f0d629c
משרד ההסברה,1,67f0530ba8
כולנא,1,f934b5d2a3
הציונות הדתית,1,3d195d2806
חטיבת אלכסנדרוני,1,1d830a8c1e
יחידת ״עוקץ,1,944f02095f
חטיבה 460,1,3c1fb4ca44
חטיבת עוקץ,1,c28bd906f6
המועצה האזורית רמת נגב,1,92f64c4fff
מועצה האזורית רמת הנגב,1,c4c5697d68
צו 8 לכלבים,1,a5e79a48cc
המרכז הישראלי לכלבי נחייה,1,5b98a6a39c
המרכז להכשרות כלבי שירות בקרית טבעון,1,b5dea0d68a
רמב״ם,1,342d763513
האגודה להגנת הילד,1,26be0f12bd
הגנת הסביבה,1,3be737cc4a
אגף הגנה על בעלי חיים,1,37ee495419
פקחי רט״ג,1,1e4c0182fa
s . o . s pets,2,4c850b7b0f
ערוץ 14,1,874f53d758
שריון מעזה,1,d88c89c21d
חטיבת השיריון,2,dbc86e62c3
אס . או . אס חיות,2,01824decf8
ל״ ידיעות אחרונות,1,f6a104aa90
כללית,2,0d042dfd81
cmj,1,7207c405f7
בית החולים לחיות בר,1,f97ad268cb
עמותת,2,50fdbb5cb3
the mercy fund,1,80250dcee2
ארגון הרופאים הווטרינרים לחיות הבית,2,d021847eb1
החמ״ל הארצי,2,1401ea11e9
גיבורים,2,4cedf8539a
לב אחד,2,c733539794
אנימלס,2,b90b7f84d9
עטלפים ,2,b657142044
ארגון הרופאים הוטרינרים,1,02884e2b0a
מחלקה לתרבות,1,4583df1c2d
אוניברסיטת תל אביב,1,1b5d9cbee5
חטיבת גבעתי,1,c3bf361a17
בית החולים רנתיסי,1,e140db6d7e
בית החולים שיפא,1,e53b5ff83a
חיל הרפואה,1,f2a4409dbe
מחלקת השיקום,1,405ba7137d
מיתר,1,9de43fae1d
בית החולים ״שיבא ״ב תל השומר,1,d818f41db0
שגרירות הפיליפינית,1,f26a29f176
איחוד האירופי,1,491023f5aa
מרכז הרפואי שמיר,1,9d1a8089fb
נחמה והצלה לישראל,1,08435dc361
עמותת ״נחמה והצלה לישראל,1,d0b13bbcf9
אשל הנשיא,1,dd3187589e
עמותת ,1,ea7e3080b0
עמותת ״חיים בשביל החי,1,e8c8614357
יח״צ,1,f52fdd9499
המשטרה הירוקה,1,c74f5c9aa5
משרד החקלאות ופיתוח הכפר,1,6c375b0e76
צער בעלי חיים,1,9d9a85c7d6
אגודת צער בעלי חיים,1,c5b4386cee
czechia,1,98793b57b6
יחידת עוקץ בעזה,1,a7688a3ddc
בית המשפט הפדרלי בוושינגטון,1,21e7722137
בית החולים בלינסון,1,191331a669
ייל בארה״ב,1,5f3af75baa
אוניברסיטת ייל,1,958cc99590
חטיבת השיריון 188,1,6f14cc3a07
הבא ,1,df03dcc5a5
להב 433,1,0fbf0e93be
מוקד 105,1,8d6a286906
ועד ראשי האוניברסיטאות,1,2eebb6c5a8
אוניברסיטת בר אילן,1,dbef6bff24
צוות אלחנן,1,d054344a32
בית המשפט המחוזי בירושלים,1,708970a83b
columbia university,1,dc1b6aca2b
הפועל ירושלים,1,ed45da2fb5
ארגון האולטראס הגרמני,1,85f10fcab4
real invest מגזין נדל״ן,1,3517435263
משטרת נאנטר,1,28f3a7f086
bbb,1,08f8e0260c
המחלקה למאבק באנטישמיות,1,d48977fe7c
הסתדרות הציונית העולמית,1,639e4f85d8
סופר פארם,1,c9661f9949
אוניברסיטת קולומביה,1,5780929681
